ALTER TABLE PETS DROP CONSTRAINT FK_PETS_OWNERS;
ALTER TABLE VISITS DROP CONSTRAINT FK_VISITS_PETS;
ALTER TABLE VET_SPECIALTIES DROP CONSTRAINT FK_VET_SPECIALTIES_VETS;
ALTER TABLE PETS DROP CONSTRAINT FK_PETS_TYPES;
ALTER TABLE VET_SPECIALTIES DROP CONSTRAINT FK_VET_SPECIALTIES_SPECIALTIES;
ALTER TABLE VETS DROP CONSTRAINT UI_VETS_ID;
ALTER TABLE VISITS DROP CONSTRAINT UI_VISITS_ID;
ALTER TABLE PETS DROP CONSTRAINT UI_PETS_ID;
ALTER TABLE TYPES DROP CONSTRAINT UI_TYPES_ID;
ALTER TABLE OWNERS DROP CONSTRAINT UI_OWNERS_ID;
ALTER TABLE SPECIALTIES DROP CONSTRAINT UI_SPECIALTIES_ID;

DROP TABLE PETS;
DROP TABLE OWNERS;
DROP TABLE TYPES;
DROP TABLE VET_SPECIALTIES;
DROP TABLE SPECIALTIES;
DROP TABLE VETS;
DROP TABLE VISITS;


CREATE TABLE PETS (
		ID INTEGER NOT NULL GENERATED BY DEFAULT AS IDENTITY (START WITH 100,INCREMENT BY 1),
		NAME VARCHAR(30),
		BIRTH_DATE DATE,
		TYPE_ID INTEGER NOT NULL,
		OWNER_ID INTEGER NOT NULL
	);
CREATE INDEX PETS_NAME ON PETS (NAME ASC);
CREATE INDEX I_PETS_TYPE_ID ON PETS (TYPE_ID ASC);
CREATE INDEX I_PETS_OWNER_ID ON PETS (OWNER_ID ASC);
CREATE UNIQUE INDEX UI_PETS_ID ON PETS (ID ASC);
ALTER TABLE PETS ADD CONSTRAINT UI_PETS_ID PRIMARY KEY (ID);

CREATE TABLE OWNERS (
		ID INTEGER NOT NULL GENERATED BY DEFAULT AS IDENTITY (START WITH 100,INCREMENT BY 1),
		FIRST_NAME VARCHAR(30),
		LAST_NAME VARCHAR(30),
		ADDRESS VARCHAR(255),
		CITY VARCHAR(80),
		TELEPHONE VARCHAR(20)
	);
CREATE INDEX OWNERS_I1 ON OWNERS (LAST_NAME ASC);
CREATE UNIQUE INDEX UI_OWNERS_ID ON OWNERS (ID ASC);
ALTER TABLE OWNERS ADD CONSTRAINT UI_OWNERS_ID PRIMARY KEY (ID);

CREATE TABLE TYPES (
		ID INTEGER NOT NULL GENERATED BY DEFAULT AS IDENTITY (START WITH 100, INCREMENT BY 1),
		NAME VARCHAR(80)
	);
CREATE INDEX TYPES_NAME ON TYPES (NAME ASC);
CREATE UNIQUE INDEX UI_TYPES_ID ON TYPES (ID ASC);
ALTER TABLE TYPES ADD CONSTRAINT UI_TYPES_ID PRIMARY KEY (ID);

CREATE TABLE VET_SPECIALTIES (
		VET_ID INTEGER NOT NULL,
		SPECIALTY_ID INTEGER NOT NULL
	);
CREATE INDEX I_VET_SPECIALTIES_VET_ID ON VET_SPECIALTIES (VET_ID ASC);
CREATE INDEX I_VET_SPECIALTIES_SPECIALTY_ID ON VET_SPECIALTIES (SPECIALTY_ID ASC);

CREATE TABLE SPECIALTIES (
		ID INTEGER NOT NULL GENERATED BY DEFAULT AS IDENTITY (START WITH 100,INCREMENT BY 1),
		NAME VARCHAR(80)
	);
CREATE INDEX SPECIALTIES_NAME ON SPECIALTIES (NAME ASC);
CREATE UNIQUE INDEX UI_SPECIALTIES_ID ON SPECIALTIES (ID ASC);
ALTER TABLE SPECIALTIES ADD CONSTRAINT UI_SPECIALTIES_ID PRIMARY KEY (ID);

CREATE TABLE VETS (
		ID INTEGER NOT NULL GENERATED BY DEFAULT AS IDENTITY (START WITH 100,INCREMENT BY 1),
		FIRST_NAME VARCHAR(30),
		LAST_NAME VARCHAR(30)
	);
CREATE INDEX VETS_NAME ON VETS (LAST_NAME ASC);
CREATE UNIQUE INDEX UI_VETS_ID ON VETS (ID ASC);
ALTER TABLE VETS ADD CONSTRAINT UI_VETS_ID PRIMARY KEY (ID);

CREATE TABLE VISITS (
		ID INTEGER NOT NULL GENERATED BY DEFAULT AS IDENTITY (START WITH 100,INCREMENT BY 1),
		PET_ID INTEGER NOT NULL,
		VISIT_DATE DATE,
		DESCRIPTION VARCHAR(255)
	);
CREATE INDEX I_VISITS_PET_ID ON VISITS (PET_ID ASC);
CREATE UNIQUE INDEX UI_VISITS_ID ON VISITS (ID ASC);
ALTER TABLE VISITS ADD CONSTRAINT UI_VISITS_ID PRIMARY KEY (ID);

ALTER TABLE PETS ADD CONSTRAINT FK_PETS_OWNERS FOREIGN KEY (OWNER_ID)
	REFERENCES OWNERS (ID);
ALTER TABLE VISITS ADD CONSTRAINT FK_VISITS_PETS FOREIGN KEY (PET_ID)
	REFERENCES PETS (ID);
ALTER TABLE VET_SPECIALTIES ADD CONSTRAINT FK_VET_SPECIALTIES_VETS FOREIGN KEY (VET_ID)
	REFERENCES VETS (ID);
ALTER TABLE PETS ADD CONSTRAINT FK_PETS_TYPES FOREIGN KEY (TYPE_ID)
	REFERENCES TYPES (ID);
ALTER TABLE VET_SPECIALTIES ADD CONSTRAINT FK_VET_SPECIALTIES_SPECIALTIES FOREIGN KEY (SPECIALTY_ID)
	REFERENCES SPECIALTIES (ID);


INSERT INTO vets VALUES (1, 'James', 'Carter');
INSERT INTO vets VALUES (2, 'Helen', 'Leary');
INSERT INTO vets VALUES (3, 'Linda', 'Douglas');
INSERT INTO vets VALUES (4, 'Rafael', 'Ortega');
INSERT INTO vets VALUES (5, 'Henry', 'Stevens');
INSERT INTO vets VALUES (6, 'Sharon', 'Jenkins');

INSERT INTO specialties VALUES (1, 'radiology');
INSERT INTO specialties VALUES (2, 'surgery');
INSERT INTO specialties VALUES (3, 'dentistry');

INSERT INTO vet_specialties VALUES (2, 1);
INSERT INTO vet_specialties VALUES (3, 2);
INSERT INTO vet_specialties VALUES (3, 3);
INSERT INTO vet_specialties VALUES (4, 2);
INSERT INTO vet_specialties VALUES (5, 1);

INSERT INTO types VALUES (1, 'cat');
INSERT INTO types VALUES (2, 'dog');
INSERT INTO types VALUES (3, 'lizard');
INSERT INTO types VALUES (4, 'snake');
INSERT INTO types VALUES (5, 'bird');
INSERT INTO types VALUES (6, 'hamster');

INSERT INTO owners VALUES (1, 'George', 'Franklin', '110 W. Liberty St.', 'Madison', '6085551023');
INSERT INTO owners VALUES (2, 'Betty', 'Davis', '638 Cardinal Ave.', 'Sun Prairie', '6085551749');
INSERT INTO owners VALUES (3, 'Eduardo', 'Rodriquez', '2693 Commerce St.', 'McFarland', '6085558763');
INSERT INTO owners VALUES (4, 'Harold', 'Davis', '563 Friendly St.', 'Windsor', '6085553198');
INSERT INTO owners VALUES (5, 'Peter', 'McTavish', '2387 S. Fair Way', 'Madison', '6085552765');
INSERT INTO owners VALUES (6, 'Jean', 'Coleman', '105 N. Lake St.', 'Monona', '6085552654');
INSERT INTO owners VALUES (7, 'Jeff', 'Black', '1450 Oak Blvd.', 'Monona', '6085555387');
INSERT INTO owners VALUES (8, 'Maria', 'Escobito', '345 Maple St.', 'Madison', '6085557683');
INSERT INTO owners VALUES (9, 'David', 'Schroeder', '2749 Blackhawk Trail', 'Madison', '6085559435');
INSERT INTO owners VALUES (10, 'Carlos', 'Estaban', '2335 Independence La.', 'Waunakee', '6085555487');

INSERT INTO pets VALUES (1, 'Leo', '2000-09-07', 1, 1);
INSERT INTO pets VALUES (2, 'Basil', '2002-08-06', 6, 2);
INSERT INTO pets VALUES (3, 'Rosy', '2001-04-17', 2, 3);
INSERT INTO pets VALUES (4, 'Jewel', '2000-03-07', 2, 3);
INSERT INTO pets VALUES (5, 'Iggy', '2000-11-30', 3, 4);
INSERT INTO pets VALUES (6, 'George', '2000-01-20', 4, 5);
INSERT INTO pets VALUES (7, 'Samantha', '1995-09-04', 1, 6);
INSERT INTO pets VALUES (8, 'Max', '1995-09-04', 1, 6);
INSERT INTO pets VALUES (9, 'Lucky', '1999-08-06', 5, 7);
INSERT INTO pets VALUES (10, 'Mulligan', '1997-02-24', 2, 8);
INSERT INTO pets VALUES (11, 'Freddy', '2000-03-09', 5, 9);
INSERT INTO pets VALUES (12, 'Lucky', '2000-06-24', 2, 10);
INSERT INTO pets VALUES (13, 'Sly', '2002-06-08', 1, 10);

INSERT INTO visits VALUES (1, 7, '1996-03-04', 'rabies shot');
INSERT INTO visits VALUES (2, 8, '1996-03-04', 'rabies shot');
INSERT INTO visits VALUES (3, 8, '1996-06-04', 'neutered');
INSERT INTO visits VALUES (4, 7, '1996-09-04', 'spayed');
